name,information,sequence
BT1440,A_R6R30a_X-RC,CCTTTTCTTTTTGCTGTTTCGTCCTCGGCATAGCCAGAGGTTTATCATTGACACGGACTCATCAGACCGGAAACGCATCCGGTGACAGCCTGGCGAGATATACGGAAAAGAGGC
BT1442,W_R6R30c_X-RC,CCTTTTCTTTTTGCTGTTTCGTCCTCGGCATAGCGTATCACCGATCATTGACACGGACTCATCAGACCGGAAAGTCATCCGGTGACAGCTTTGTTTGTTTCCCAAGC
BT1512,Z_R6R30d_X-RC,CCTTTTCTTTTTGCTGTTTCGTCCTCGGCATAGCTCACCGGAAGTCATTGACACGGACTCATCAGACCGGAAAGTCATCCGGTGACAGCGTTTTGTTTTGTCCCACGC
BT1727,A_R60R5a_X-RC,CCTTTCTTTTTGCTGTTTCGTCCAGCTAGGACTCATCAGACCGGATCTGTACGCCTAGGTGGCTAACGACTGTCGATCGCACATGACGTTGCAAATGTAAGTTCTTCCGGTGACAGCCTGGCGAGATATACGGAAAAGAGGC
BT1728,W_R60R5b_X-RC,CCTTTCTTTTTGCTGTTTCGTCCAGCTAGGACTCATCAGACCGGATCTGTACGCCTAGGTGGCTAGAACCGGCTTATCGCACATGACGTTGCAAATGTAAGTTCTTCCGGTGACAGCTTTGTTTGTTTCCCAAGC
BT1729,Z_R60R5c_X-RC,CCTTTCTTTTTGCTGTTTCGTCCAGCTAGGACTCATCAGACCGGATCTGTACGCCTAGGTGGCTATCTCGCAGGAATCGCACATGACGTTGCAAATGTAAGTTCTTCCGGTGACAGCGTTTTGTTTTGTCCCACGC
BT1730,A_R7R4a_X-RC,CCTTTCTTTTTGCTGTTTCGTCCTACCGGACTCATCAGACCGGACAGACAATCCGGTGACAGCCTGGCGAGATATACGGAAAAGAGGC
BT1731,W_R7R4b_X-RC,CCTTTCTTTTTGCTGTTTCGTCCTACCGGACTCATCAGACCGGAAAAGCCATCCGGTGACAGCTTTGTTTGTTTCCCAAGC
BT1732,Z_R7R4c_X-RC,CCTTTCTTTTTGCTGTTTCGTCCTACCGGACTCATCAGACCGGACGAAAACTCCGGTGACAGCGTTTTGTTTTGTCCCACGC
BT1733,A_R35R6a_X-RC,CCTTTCTTTTTGCTGTTTCGTCCAACGTAGGACTCATCAGACCGGATCGGCATAGCACATAGCCGAGTTCGTCATTGACACTCCGGTGACAGCCTGGCGAGATATACGGAAAAGAGGC
BT1734,W_R35R6b_X-RC,CCTTTCTTTTTGCTGTTTCGTCCACGTAAGGACTCATCAGACCGGATCGGCATAGCCCTCGTATGAACGAGTCATTGACACTCCGGTGACAGCTTTGTTTGTTTCCCAAGC
BT1735,Z_R35R6c_X-RC,CCTTTCTTTTTGCTGTTTCGTCCAGTACAGGACTCATCAGACCGGATCGGCATAGCACGGTCCGACAATTGTCATTGACACTCCGGTGACAGCGTTTTGTTTTGTCCCACGC
BT1736,A_R25R6a_X-RC,CCTTTCTTTTTGCTGTTTCGTCCACTAGAGGACTCATCAGACCGGATCGGCATAGCGCTGATCATTGACACTCCGGTGACAGCCTGGCGAGATATACGGAAAAGAGGC
BT1737,W_R25R6b_X-RC,CCTTTCTTTTTGCTGTTTCGTCCACATGAGGACTCATCAGACCGGATCGGCATAGCCTGAGTCATTGACACTCCGGTGACAGCTTTGTTTGTTTCCCAAGC
BT1738,Z_R25R6c_X-RC,CCTTTCTTTTTGCTGTTTCGTCCAGTCAAGGACTCATCAGACCGGATCGGCATAGCTGAGCTCATTGACACTCCGGTGACAGCGTTTTGTTTTGTCCCACGC